{
    "UserName": "Outhorn_sms",
    "ApiHeaders": {
        "Application-key": "103309909cb332878e8dc2a8e6f7530040cab3a874eeb8e04bf207d66af50a8b99c3fd02ceee73db91cdef61f84c21540bc1522faab1c5079a68dd252b7d3e8b",
        "Authorization": "c45a1d966fd9898331b049b223d4b0c7e72e415fc014caed39173e15a9413b4afca8b08c80069a9232c37d43b8e624076550854a40ebe67670a3582e62df1a7d",
        "Content-Type": "application/json"
    },

    "AddContact": {
        "Url": "https://api.redlink.pl/v2.1/contact"
    },

    "AddContactToGroup": {
        "Url": "https://api.redlink.pl/v2.1/group/80417/contact"
    },

    "CreateGroup": {
        "Url": "https://api.redlink.pl/v2.1/group"
    },

    "DeleteContact": {
        "Url": "https://api.redlink.pl/v2.1/contact",
        "CustomRequest": "DELETE"
    },

    "UnsubscribeContact": {
        "Url": "https://api.redlink.pl/v2.1/contact/unsubscribe/all"
    },

    "ResubscribeContact": {
        "Url": "https://api.redlink.pl/v2.1/contact/resubscribe/all"
    },

    "GetAllContacts": {
        "Url": "https://api.redlink.pl/v2.1/contact",
        "Offset": "0",
        "Limit": "1000",
        "Group": "",
        "Id": "",
        "ExternalId": "",
        "PhoneNumber": ""
    },

    "GetAllGroups": {
        "Url": "https://api.redlink.pl/v2.1/group",
        "Offset": "0",
        "Limit": "1000"
    }

}