{
    "RowDataURL": "https://collectionpoint:1175c9a39c8d5a32f9b916009241bef5ea@jenkins.otcf.pl/view/Linux/job/Linux%20-%20AddImagesService/buildWithParameters",
    "RowDataURL2": "https://collectionpoint:1175c9a39c8d5a32f9b916009241bef5ea@jenkins.otcf.pl/view/Linux/job/Linux%20-%20AddImagesService/buildWithParameters?file=",
    "feeds": {
        "pl": {
            "fb": {
                "url": "https://4f.com.pl/media/feed/feed_fb.xml",
                "name": "pl_product_feed_fb"
            },
            "gmc": {
                "url": "https://4f.com.pl/media/feed/feed_gmc.xml",
                "name": "pl_product_feed_gmc"
            }
        },
        "sk": {
            "fb": {
                "url": "https://4fstore.sk/media/feed/feed_fb_sk.xml",
                "name": "sk_product_feed_fb"
            },
            "gmc": {
                "url": "https://4fstore.sk/media/feed/feed_gmc_sk.xml",
                "name": "sk_product_feed_gmc"
            }
        },
        "ro": {
            "fb": {
                "url": "https://4fstore.ro/media/feed/feed_fb_ro.xml",
                "name": "ro_product_feed_fb"
            },
            "gmc": {
                "url": "https://4fstore.ro/media/feed/feed_gmc_ro.xml",
                "name": "ro_product_feed_gmc"
            }
        },
        "lv": {
            "fb": {
                "url": "https://4fstore.lv/media/feed/feed_fb_lv.xml",
                "name": "lv_product_feed_fb"
            },
            "gmc": {
                "url": "https://4fstore.lv/media/feed/feed_gmc_lv.xml",
                "name": "lv_product_feed_gmc"
            }
        },
        "lt": {
            "fb": {
                "url": "https://4fstore.lt/media/feed/feed_fb_lt.xml",
                "name": "lt_product_feed_fb"
            },
            "gmc": {
                "url": "https://4fstore.lt/media/feed/feed_gmc_lt.xml",
                "name": "lt_product_feed_gmc"
            }
        },
        "cz": {
            "fb": {
                "url": "https://4fstore.cz/media/feed/feed_fb_cz.xml",
                "name": "cz_product_feed_fb"
            },
            "gmc": {
                "url": "https://4fstore.cz/media/feed/feed_gmc_cz.xml",
                "name": "cz_product_feed_gmc"
            }
        },
        "de": {
            "fb": {
                "url": "https://4fstore.de/media/feed/feed_fb_de.xml",
                "name": "de_product_feed_fb"
            },
            "gmc": {
                "url": "https://4fstore.de/media/feed/feed_gmc_de.xml",
                "name": "de_product_feed_gmc"
            }
        },
        "en": {
            "fb": {
                "url": "https://4fstore.com/media/feed/feed_fb_en.xml",
                "name": "en_product_feed_fb"
            },
            "gmc": {
                "url": "https://4fstore.com/media/feed/feed_gmc_en.xml",
                "name": "en_product_feed_gmc"
            }
        },
        "us": {
            "fb": {
                "url": "https://4fstore.com/media/feed/feed_fb_us.xml",
                "name": "us_product_feed_fb"
            },
            "gmc": {
                "url": "https://4fstore.com/media/feed/feed_gmc_us.xml",
                "name": "us_product_feed_gmc"
            }
        },
        "uk": {
            "fb": {
                "url": "https://uk.4fstore.com/media/feed/feed_fb_uk.xml",
                "name": "uk_product_feed_fb"
            },
            "gmc": {
                "url": "https://uk.4fstore.com/media/feed/feed_gmc_uk.xml",
                "name": "uk_product_feed_gmc"
            }
        }
    }
}